[
   {
      "pk":1,
      "model":"voip_billing.voipcarrierrate",
      "fields":{
         "updated_date":"2010-12-10 10:38:42",
         "prefix":34,
         "created_date":"2010-12-10 07:00:27",
         "carrier_rate":"0.0290",
         "voip_carrier_plan_id":1
      }
   },
   {
      "pk":2,
      "model":"voip_billing.voipcarrierrate",
      "fields":{
         "updated_date":"2010-12-10 10:40:30",
         "prefix":32,
         "created_date":"2010-12-10 10:40:30",
         "carrier_rate":"0.0620",
         "voip_carrier_plan_id":1
      }
   },
   {
      "pk":3,
      "model":"voip_billing.voipcarrierrate",
      "fields":{
         "updated_date":"2010-12-10 10:42:17",
         "prefix":33,
         "created_date":"2010-12-10 10:42:17",
         "carrier_rate":"0.0820",
         "voip_carrier_plan_id":1
      }
   },
   {
      "pk":4,
      "model":"voip_billing.voipcarrierrate",
      "fields":{
         "updated_date":"2010-12-10 10:42:52",
         "prefix":39,
         "created_date":"2010-12-10 10:42:52",
         "carrier_rate":"0.0600",
         "voip_carrier_plan_id":1
      }
   }
]
