[
   {
      "pk":1,
      "model":"voip_billing.voipretailrate",
      "fields":{
         "updated_date":"2010-12-10 10:38:58",
         "prefix":34,
         "created_date":"2010-12-10 06:59:45",
         "retail_rate":"0.035",
         "voip_retail_plan_id":1
      }
   },
   {
      "pk":2,
      "model":"voip_billing.voipretailrate",
      "fields":{
         "updated_date":"2010-12-10 10:41:00",
         "prefix":32,
         "created_date":"2010-12-10 09:49:49",
         "retail_rate":"0.0744",
         "voip_retail_plan_id":1
      }
   },
   {
      "pk":3,
      "model":"voip_billing.voipretailrate",
      "fields":{
         "updated_date":"2010-12-10 10:42:32",
         "prefix":33,
         "created_date":"2010-12-10 09:50:40",
         "retail_rate":"0.0984",
         "voip_retail_plan_id":1
      }
   },
   {
      "pk":4,
      "model":"voip_billing.voipretailrate",
      "fields":{
         "updated_date":"2010-12-10 10:43:41",
         "prefix":39,
         "created_date":"2010-12-10 09:52:12",
         "retail_rate":"0.072",
         "voip_retail_plan_id":1
      }
   }
]
