[
    {
        "pk": 1,
        "model": "auth.user",
        "fields": {
            "username": "admin",
            "first_name": "",
            "last_name": "",
            "is_active": true,
            "is_superuser": true,
            "is_staff": true,
            "last_login": "2014-03-04T16:18:25",
            "groups": [],
            "user_permissions": [],
            "password": "pbkdf2_sha256$10000$arBXmbpfJwsu$gmsMnLFkuVly/qDv7xrjO5fZ4qtwjQbSMvveBkNdcAg=",
            "email": "admin@localhost.com",
            "date_joined": "2012-07-25T16:18:25"
        }
    }
]