[
    {
        "pk":1,
        "model":"cdr_alert.alarm",
        "fields":{
            "user":1,
            "status":1,
            "updated_date":"2012-06-21T01:26:51.337",
            "alert_condition":1,
            "name":"Every_day_alarm",
            "alert_condition_add_on":1,
            "alert_value":"0.13",
            "period":1,
            "email_to_send_alarm":"admin@cdr-stats.com",
            "created_date":"2012-06-20T08:24:39.839",
            "type":2
        }
    },
    {
        "pk":2,
        "model":"cdr_alert.alarm",
        "fields":{
            "user":1,
            "status":1,
            "updated_date":"2012-06-21T01:26:51.337",
            "alert_condition":2,
            "name":"Every_day_alarm_2",
            "alert_condition_add_on":2,
            "alert_value":"0.13",
            "period":2,
            "email_to_send_alarm":"admin@cdr-stats.com",
            "created_date":"2012-06-20T08:24:39.839",
            "type":1
        }
    },
    {
        "pk":3,
        "model":"cdr_alert.alarm",
        "fields":{
            "user":1,
            "status":1,
            "updated_date":"2012-06-21T01:26:51.337",
            "alert_condition":3,
            "name":"Every_day_alarm_3",
            "alert_condition_add_on":1,
            "alert_value":"0.13",
            "period":3,
            "email_to_send_alarm":"admin@cdr-stats.com",
            "created_date":"2012-06-20T08:24:39.839",
            "type":1
        }
    },
    {
        "pk":4,
        "model":"cdr_alert.alarm",
        "fields":{
            "user":1,
            "status":1,
            "updated_date":"2012-06-21T01:26:51.337",
            "alert_condition":4,
            "name":"Every_day_alarm_4",
            "alert_condition_add_on":1,
            "alert_value":"0.13",
            "period":1,
            "email_to_send_alarm":"admin@cdr-stats.com",
            "created_date":"2012-06-20T08:24:39.839",
            "type":1
        }
    },
    {
        "pk":5,
        "model":"cdr_alert.alarm",
        "fields":{
            "user":1,
            "status":1,
            "updated_date":"2012-06-21T01:26:51.337",
            "alert_condition":5,
            "name":"Every_day_alarm_5",
            "alert_condition_add_on":1,
            "alert_value":"0.13",
            "period":1,
            "email_to_send_alarm":"admin@cdr-stats.com",
            "created_date":"2012-06-20T08:24:39.839",
            "type":1
        }
    },
    {
        "pk":6,
        "model":"cdr_alert.alarm",
        "fields":{
            "user":1,
            "status":1,
            "updated_date":"2012-06-21T01:26:51.337",
            "alert_condition":6,
            "name":"Every_day_alarm_6",
            "alert_condition_add_on":1,
            "alert_value":"0.13",
            "period":1,
            "email_to_send_alarm":"admin@cdr-stats.com",
            "created_date":"2012-06-20T08:24:39.839",
            "type":1
        }
    }
]