[
   {
      "pk":1,
      "model":"voip_gateway.gateway",
      "fields":{
         "updated_date":"2015-03-31 03:35:12",
         "status":0,
         "protocol":"SIP",
         "name":"Gateway Default",
         "count_using":null,
         "count_call":null,
         "hostname":"localhost",
         "maximum_call":null,
         "removeprefix":"",
         "addparameter":"",
         "secondused":null,
         "created_date":"2015-03-31 03:35:12",
         "addprefix":"",
         "description":"Gateway Default"
      }
   }
]
