[
   {
      "pk":1,
      "model":"cdr.hangupcause",
      "fields":{
         "code":0,
         "cause":"Unspecified. No other cause codes applicable. ",
         "description":"This is usually given by the router when none of the other codes apply. This cause usually occurs in the same type of situations as cause 1, cause 88, and cause 100. ",
         "enumeration":"UNSPECIFIED"
      }
   },
   {
      "pk":2,
      "model":"cdr.hangupcause",
      "fields":{
         "code":1,
         "cause":"Unallocated (unassigned) number [Q.850 value 1] ",
         "description":"This cause indicates that the called party cannot be reached because, although the called party number is in a valid format, it is not currently allocated (assigned). ",
         "enumeration":"UNALLOCATED_NUMBER"
      }
   },
   {
      "pk":3,
      "model":"cdr.hangupcause",
      "fields":{
         "code":2,
         "cause":"No route to specified transit network (national use) [Q.850] ",
         "description":"This cause indicates that the equipment sending this cause has received a request to route the call through a particular transit network, which it does not recognize. The equipment sending this cause does not recognize the transit network either because the transit network does not exist or because that particular transit network, while it does exist, does not serve the equipment which is sending this cause. ",
         "enumeration":"NO_ROUTE_TRANSIT_NET"
      }
   },
   {
      "pk":4,
      "model":"cdr.hangupcause",
      "fields":{
         "code":3,
         "cause":"No route to destination [Q.850] ",
         "description":"This cause indicates that the called party cannot be reached because the network through which the call has been routed does not serve the destination desired. This cause is supported on a network dependent basis. ",
         "enumeration":"NO_ROUTE_DESTINATION"
      }
   },
   {
      "pk":5,
      "model":"cdr.hangupcause",
      "fields":{
         "code":6,
         "cause":"channel unacceptable [Q.850] ",
         "description":"This cause indicates that the channel most recently identified is not acceptable to the sending entity for use in this call.",
         "enumeration":"CHANNEL_UNACCEPTABLE"
      }
   },
   {
      "pk":6,
      "model":"cdr.hangupcause",
      "fields":{
         "code":7,
         "cause":"call awarded, being delivered in an established channel [Q.850] ",
         "description":"This cause indicates that the user has been awarded the incoming call, and that the incoming call is being connected to a channel already established to that user for similar calls (e.g. packet-mode x.25 virtual calls). ",
         "enumeration":"CALL_AWARDED_DELIVERED"
      }
   },
   {
      "pk":7,
      "model":"cdr.hangupcause",
      "fields":{
         "code":16,
         "cause":"normal call clearing [Q.850] ",
         "description":"This cause indicates that the call is being cleared because one of the users involved in the call has requested that the call be cleared. Under normal situations, the source of this cause is not the network. ",
         "enumeration":"NORMAL_CLEARING"
      }
   },
   {
      "pk":8,
      "model":"cdr.hangupcause",
      "fields":{
         "code":17,
         "cause":"user busy [Q.850] ",
         "description":"This cause is used to indicate that the called party is unable to accept another call because the user busy condition has been encountered. This cause value may be generated by the called user or by the network. In the case of user determined user busy it is noted that the user equipment is compatible with the call. ",
         "enumeration":"USER_BUSY"
      }
   },
   {
      "pk":9,
      "model":"cdr.hangupcause",
      "fields":{
         "code":18,
         "cause":"no user responding [Q.850]",
         "description":"This cause is used when a called party does not respond to a call establishment message with either an alerting or connect indication within the prescribed period of time allocated. ",
         "enumeration":"NO_USER_RESPONSE"
      }
   },
   {
      "pk":10,
      "model":"cdr.hangupcause",
      "fields":{
         "code":19,
         "cause":"no answer from user (user alerted) [Q.850] ",
         "description":"This cause is used when the called party has been alerted but does not respond with a connect indication within a prescribed period of time. Note - This cause is not necessarily generated by Q.931 procedures but may be generated by internal network timers. ",
         "enumeration":"NO_ANSWER"
      }
   },
   {
      "pk":11,
      "model":"cdr.hangupcause",
      "fields":{
         "code":20,
         "cause":"subscriber absent [Q.850] ",
         "description":"This cause value is used when a mobile station has logged off, radio contact is not obtained with a mobile station or if a personal telecommunication user is temporarily not addressable at any user-network interface. Sofia SIP will normally raise USER_NOT_REGISTERED in such situations. ",
         "enumeration":"SUBSCRIBER_ABSENT"
      }
   },
   {
      "pk":12,
      "model":"cdr.hangupcause",
      "fields":{
         "code":21,
         "cause":"call rejected [Q.850] ",
         "description":"This cause indicates that the equipment sending this cause does not wish to accept this call, although it could have accepted the call because the equipment sending this cause is neither busy nor incompatible. The network may also generate this cause, indicating that the call was cleared due to a supplementary service constraint. The diagnostic field may contain additional information about the supplementary service and reason for rejection. ",
         "enumeration":"CALL_REJECTED"
      }
   },
   {
      "pk":13,
      "model":"cdr.hangupcause",
      "fields":{
         "code":22,
         "cause":"number changed [Q.850] ",
         "description":"This cause is returned to a calling party when the called party number indicated by the calling party is no longer assigned, The new called party number may optionally be included in the diagnostic field. If a network does not support this cause, cause no: 1, unallocated (unassigned) number shall be used. ",
         "enumeration":"NUMBER_CHANGED"
      }
   },
   {
      "pk":14,
      "model":"cdr.hangupcause",
      "fields":{
         "code":23,
         "cause":"",
         "description":"This cause is used by a general ISUP protocol mechanism that can be invoked by an exchange that decides that the call should be set-up to a different called number. Such an exchange can invoke a redirection mechanism, by use of this cause value, to request a preceding exchange involved in the call to route the call to the new number. ",
         "enumeration":"REDIRECTION_TO_NEW_DESTINATION"
      }
   },
   {
      "pk":15,
      "model":"cdr.hangupcause",
      "fields":{
         "code":25,
         "cause":"",
         "description":"This cause indicates that the destination indicated by the user cannot be reached, because an intermediate exchange has released the call due to reaching a limit in executing the hop counter procedure. This cause is generated by an intermediate node, which when decrementing the hop counter value, gives the result 0. ",
         "enumeration":"EXCHANGE_ROUTING_ERROR"
      }
   },
   {
      "pk":16,
      "model":"cdr.hangupcause",
      "fields":{
         "code":27,
         "cause":"destination out of order [Q.850] ",
         "description":"This cause indicates that the destination indicated by the user cannot be reached because the interface to the destination is not functioning correctly. The term \"not functioning correctly\" indicates that a signal message was unable to be delivered to the remote party; e.g. a physical layer or data link layer failure at the remote party, or user equipment off-line. ",
         "enumeration":"DESTINATION_OUT_OF_ORDER"
      }
   },
   {
      "pk":17,
      "model":"cdr.hangupcause",
      "fields":{
         "code":28,
         "cause":"invalid number format (address incomplete) [Q.850] ",
         "description":"This cause indicates that the called party cannot be reached because the called party number is not in a valid format or is not complete. ",
         "enumeration":"INVALID_NUMBER_FORMAT"
      }
   },
   {
      "pk":18,
      "model":"cdr.hangupcause",
      "fields":{
         "code":29,
         "cause":"facilities rejected [Q.850] ",
         "description":"This cause is returned when a supplementary service requested by the user cannot be provide by the network. ",
         "enumeration":"FACILITY_REJECTED"
      }
   },
   {
      "pk":19,
      "model":"cdr.hangupcause",
      "fields":{
         "code":30,
         "cause":"response to STATUS INQUIRY [Q.850] ",
         "description":"This cause is included in the STATUS message when the reason for generating the STATUS message was the prior receipt of a STATUS INQUIRY. ",
         "enumeration":"RESPONSE_TO_STATUS_ENQUIRY"
      }
   },
   {
      "pk":20,
      "model":"cdr.hangupcause",
      "fields":{
         "code":31,
         "cause":"normal, unspecified [Q.850] ",
         "description":"This cause is used to report a normal event only when no other cause in the normal class applies. ",
         "enumeration":"NORMAL_UNSPECIFIED"
      }
   },
   {
      "pk":21,
      "model":"cdr.hangupcause",
      "fields":{
         "code":34,
         "cause":"no circuit/channel available [Q.850] ",
         "description":"This cause indicates that there is no appropriate circuit/channel presently available to handle the call. ",
         "enumeration":"NORMAL_CIRCUIT_CONGESTION"
      }
   },
   {
      "pk":22,
      "model":"cdr.hangupcause",
      "fields":{
         "code":38,
         "cause":"network out of order [Q.850] ",
         "description":"This cause indicates that the network is not functioning correctly and that the condition is likely to last a relatively long period of time e.g. immediately re-attempting the call is not likely to be successful. ",
         "enumeration":"NETWORK_OUT_OF_ORDER"
      }
   },
   {
      "pk":23,
      "model":"cdr.hangupcause",
      "fields":{
         "code":41,
         "cause":"temporary failure [Q.850] ",
         "description":"This cause indicates that the network is not functioning correctly and that the condition is not likely to last a long period of time; e.g. the user may wish to try another call attempt almost immediately. ",
         "enumeration":"NORMAL_TEMPORARY_FAILURE"
      }
   },
   {
      "pk":24,
      "model":"cdr.hangupcause",
      "fields":{
         "code":42,
         "cause":"switching equipment congestion [Q.850] ",
         "description":"This cause indicates that the switching equipment generating this cause is experiencing a period of high traffic. ",
         "enumeration":"SWITCH_CONGESTION"
      }
   },
   {
      "pk":25,
      "model":"cdr.hangupcause",
      "fields":{
         "code":43,
         "cause":"access information discarded [Q.850] ",
         "description":"This cause indicates that the network could not deliver access information to the remote user as requested, i.e. user-to-user information, low layer compatibility, high layer compatibility or sub-address as indicated in the diagnostic. It is noted that the particular type of access information discarded is optionally included in the diagnostic. ",
         "enumeration":"ACCESS_INFO_DISCARDED"
      }
   },
   {
      "pk":26,
      "model":"cdr.hangupcause",
      "fields":{
         "code":44,
         "cause":"requested circuit/channel not available [Q.850] ",
         "description":"This cause is returned when the other side of the interface cannot provide the circuit or channel indicated by the requesting entity. ",
         "enumeration":"REQUESTED_CHAN_UNAVAIL"
      }
   },
   {
      "pk":27,
      "model":"cdr.hangupcause",
      "fields":{
         "code":45,
         "cause":"",
         "description":"",
         "enumeration":"PRE_EMPTED"
      }
   },
   {
      "pk":28,
      "model":"cdr.hangupcause",
      "fields":{
         "code":47,
         "cause":"resource unavailable, unspecified [Q.850] ",
         "description":"This cause is used to report a resource unavailable event only when no other cause in the resource unavailable class applies. ",
         "enumeration":""
      }
   },
   {
      "pk":29,
      "model":"cdr.hangupcause",
      "fields":{
         "code":50,
         "cause":"requested facility not subscribed [Q.850 ",
         "description":"This cause indicates that the user has requested a supplementary service, which is available, but the user is not authorized to use. ",
         "enumeration":"FACILITY_NOT_SUBSCRIBED"
      }
   },
   {
      "pk":30,
      "model":"cdr.hangupcause",
      "fields":{
         "code":52,
         "cause":"outgoing calls barred",
         "description":"This cause indicates that although the calling party is a member of the CUG for the outgoing CUG call, outgoing calls are not allowed for this member of the CUG. ",
         "enumeration":"OUTGOING_CALL_BARRED"
      }
   },
   {
      "pk":31,
      "model":"cdr.hangupcause",
      "fields":{
         "code":54,
         "cause":"incoming calls barred",
         "description":"This cause indicates that although the called party is a member of the CUG for the incoming CUG call, incoming calls are not allowed to this member of the CUG. ",
         "enumeration":"INCOMING_CALL_BARRED"
      }
   },
   {
      "pk":32,
      "model":"cdr.hangupcause",
      "fields":{
         "code":57,
         "cause":"bearer capability not authorized [Q.850] ",
         "description":"This cause indicates that the user has requested a bearer capability that is implemented by the equipment which generated this cause but the user is not authorized to use. ",
         "enumeration":"BEARERCAPABILITY_NOTAUTH"
      }
   },
   {
      "pk":33,
      "model":"cdr.hangupcause",
      "fields":{
         "code":58,
         "cause":"bearer capability not presently available [Q.850] ",
         "description":"This cause indicates that the user has requested a bearer capability which is implemented by the equipment which generated this cause but which is not available at this time. ",
         "enumeration":"BEARERCAPABILITY_NOTAVAIL"
      }
   },
   {
      "pk":34,
      "model":"cdr.hangupcause",
      "fields":{
         "code":63,
         "cause":"service or option not available, unspecified [Q.850] ",
         "description":"This cause is used to report a service or option not available event only when no other cause in the service or option not available class applies. ",
         "enumeration":"SERVICE_UNAVAILABLE"
      }
   },
   {
      "pk":35,
      "model":"cdr.hangupcause",
      "fields":{
         "code":65,
         "cause":"bearer capability not implemented [Q.850] ",
         "description":"This cause indicates that the equipment sending this cause does not support the bearer capability requested. ",
         "enumeration":"BEARERCAPABILITY_NOTIMPL"
      }
   },
   {
      "pk":36,
      "model":"cdr.hangupcause",
      "fields":{
         "code":66,
         "cause":"channel type not implemented [Q.850] ",
         "description":"This cause indicates that the equipment sending this cause does not support the channel type requested ",
         "enumeration":"CHAN_NOT_IMPLEMENTED"
      }
   },
   {
      "pk":37,
      "model":"cdr.hangupcause",
      "fields":{
         "code":69,
         "cause":"requested facility not implemented [Q.850]",
         "description":"This cause indicates that the equipment sending this cause does not support the requested supplementary services. ",
         "enumeration":"FACILITY_NOT_IMPLEMENTED"
      }
   },
   {
      "pk":38,
      "model":"cdr.hangupcause",
      "fields":{
         "code":79,
         "cause":"service or option not implemented, unspecified [Q.850] ",
         "description":"This cause is used to report a service or option not implemented event only when no other cause in the service or option not implemented class applies. ",
         "enumeration":"SERVICE_NOT_IMPLEMENTED"
      }
   },
   {
      "pk":39,
      "model":"cdr.hangupcause",
      "fields":{
         "code":81,
         "cause":"invalid call reference value [Q.850] ",
         "description":"This cause indicates that the equipment sending this cause has received a message with a call reference which is not currently in use on the user-network interface. ",
         "enumeration":"INVALID_CALL_REFERENCE"
      }
   },
   {
      "pk":40,
      "model":"cdr.hangupcause",
      "fields":{
         "code":88,
         "cause":"incompatible destination [Q.850] ",
         "description":"This cause indicates that the equipment sending this cause has received a request to establish a call which has low layer compatibility, high layer compatibility or other compatibility attributes (e.g. data rate) which cannot be accommodated. ",
         "enumeration":"INCOMPATIBLE_DESTINATION"
      }
   },
   {
      "pk":41,
      "model":"cdr.hangupcause",
      "fields":{
         "code":95,
         "cause":"invalid message, unspecified [Q.850] ",
         "description":"This cause is used to report an invalid message event only when no other cause in the invalid message class applies. ",
         "enumeration":"INVALID_MSG_UNSPECIFIED"
      }
   },
   {
      "pk":42,
      "model":"cdr.hangupcause",
      "fields":{
         "code":96,
         "cause":"mandatory information element is missing [Q.850] ",
         "description":"This cause indicates that the equipment sending this cause has received a message which is missing an information element which must be present in the message before that message can be processed. ",
         "enumeration":"MANDATORY_IE_MISSING"
      }
   },
   {
      "pk":43,
      "model":"cdr.hangupcause",
      "fields":{
         "code":97,
         "cause":"message type non-existent or not implemented [Q.850] ",
         "description":"This cause indicates that the equipment sending this cause has received a message with a message type it does not recognize either because this is a message not defined of defined but not implemented by the equipment sending this cause. ",
         "enumeration":"MESSAGE_TYPE_NONEXIST"
      }
   },
   {
      "pk":44,
      "model":"cdr.hangupcause",
      "fields":{
         "code":98,
         "cause":"message not compatible with call state or message type non-existent or not implemented. [Q.850] ",
         "description":"This cause indicates that the equipment sending this cause has received a message such that the procedures do not indicate that this is a permissible message to receive while in the call state, or a STATUS message was received indicating an incompatible call state. ",
         "enumeration":"WRONG_MESSAGE"
      }
   },
   {
      "pk":45,
      "model":"cdr.hangupcause",
      "fields":{
         "code":99,
         "cause":"Information element / parameter non-existent or not implemented [Q.850] ",
         "description":"This cause indicates that the equipment sending this cause has received a message which includes information element(s)/parameter(s) not recognized because the information element(s)/parameter name(s) are not defined or are defined but not implemented by the equipment sending the cause. This cause indicates that the information element(s)/parameter(s) were discarded. However, the information element is not required to be present in the message in order for the equipment sending the cause to process the message. ",
         "enumeration":"IE_NONEXIST"
      }
   },
   {
      "pk":46,
      "model":"cdr.hangupcause",
      "fields":{
         "code":100,
         "cause":"Invalid information element contents [Q.850] ",
         "description":"This cause indicates that the equipment sending this cause has received and information element which it has implemented; however, one or more fields in the I.E. are coded in such a way which has not been implemented by the equipment sending this cause. ",
         "enumeration":"INVALID_IE_CONTENTS"
      }
   },
   {
      "pk":47,
      "model":"cdr.hangupcause",
      "fields":{
         "code":101,
         "cause":"message not compatible with call state [Q.850] ",
         "description":"This cause indicates that a message has been received which is incompatible with the call state. ",
         "enumeration":"WRONG_CALL_STATE"
      }
   },
   {
      "pk":48,
      "model":"cdr.hangupcause",
      "fields":{
         "code":102,
         "cause":"recovery on timer expiry [Q.850] ",
         "description":"This cause indicates that a procedure has been initiated by the expiration of a timer in association with error handling procedures. This is often associated with NAT problems. Ensure that \"NAT Mapping Enable\" is turned on in your ATA. ",
         "enumeration":"RECOVERY_ON_TIMER_EXPIRE"
      }
   },
   {
      "pk":49,
      "model":"cdr.hangupcause",
      "fields":{
         "code":103,
         "cause":"parameter non-existent or not implemented - passed on (national use) [Q.850] ",
         "description":"This cause indicates that the equipment sending this cause has received a message which includes parameters not recognized because the parameters are not defined or are defined but not implemented by the equipment sending this cause. The cause indicates that the parameter(s) were ignored. In addition, if the equipment sending this cause is an intermediate point, then this cause indicates that the parameter(s) were passed unchanged. ",
         "enumeration":"MANDATORY_IE_LENGTH_ERROR"
      }
   },
   {
      "pk":50,
      "model":"cdr.hangupcause",
      "fields":{
         "code":111,
         "cause":"protocol error, unspecified [Q.850] ",
         "description":"This cause is used to report a protocol error event only when no other cause in the protocol error class applies. ",
         "enumeration":"PROTOCOL_ERROR"
      }
   },
   {
      "pk":51,
      "model":"cdr.hangupcause",
      "fields":{
         "code":127,
         "cause":"Interworking, unspecified [Q.850] ",
         "description":"This cause indicates that an interworking call (usually a call to SW56 service) has ended. ",
         "enumeration":"INTERWORKING"
      }
   },
   {
      "pk":52,
      "model":"cdr.hangupcause",
      "fields":{
         "code":487,
         "cause":"",
         "description":"",
         "enumeration":"ORIGINATOR_CANCEL"
      }
   },
   {
      "pk":53,
      "model":"cdr.hangupcause",
      "fields":{
         "code":500,
         "cause":"",
         "description":"",
         "enumeration":"CRASH"
      }
   },
   {
      "pk":54,
      "model":"cdr.hangupcause",
      "fields":{
         "code":501,
         "cause":"",
         "description":"",
         "enumeration":"SYSTEM_SHUTDOWN"
      }
   },
   {
      "pk":55,
      "model":"cdr.hangupcause",
      "fields":{
         "code":502,
         "cause":"",
         "description":"",
         "enumeration":"LOSE_RACE"
      }
   },
   {
      "pk":56,
      "model":"cdr.hangupcause",
      "fields":{
         "code":503,
         "cause":"",
         "description":"This cause is used when you send an api command to make it hangup. For example uuid_kill <uuid> ",
         "enumeration":"MANAGER_REQUEST"
      }
   },
   {
      "pk":57,
      "model":"cdr.hangupcause",
      "fields":{
         "code":600,
         "cause":"",
         "description":"",
         "enumeration":"BLIND_TRANSFER"
      }
   },
   {
      "pk":58,
      "model":"cdr.hangupcause",
      "fields":{
         "code":601,
         "cause":"",
         "description":"",
         "enumeration":"ATTENDED_TRANSFER"
      }
   },
   {
      "pk":59,
      "model":"cdr.hangupcause",
      "fields":{
         "code":602,
         "cause":"",
         "description":"",
         "enumeration":"ALLOTTED_TIMEOUT"
      }
   },
   {
      "pk":60,
      "model":"cdr.hangupcause",
      "fields":{
         "code":603,
         "cause":"",
         "description":"",
         "enumeration":"USER_CHALLENGE"
      }
   },
   {
      "pk":61,
      "model":"cdr.hangupcause",
      "fields":{
         "code":604,
         "cause":"",
         "description":"",
         "enumeration":"MEDIA_TIMEOUT"
      }
   },
   {
      "pk":62,
      "model":"cdr.hangupcause",
      "fields":{
         "code":605,
         "cause":"",
         "description":"This cause means the call was picked up by intercepting it from another extension (i.e. dialing **ext_number from another extension). ",
         "enumeration":"PICKED_OFF "
      }
   },
   {
      "pk":63,
      "model":"cdr.hangupcause",
      "fields":{
         "code":606,
         "cause":"",
         "description":"This means you tried to originate a call to a SIP user who forgot to register. ",
         "enumeration":"USER_NOT_REGISTERED"
      }
   },
   {
      "pk":64,
      "model":"cdr.hangupcause",
      "fields":{
         "code":607,
         "cause":"",
         "description":"",
         "enumeration":"PROGRESS_TIMEOUT"
      }
   }
]
